{
  "scifact_product_64_seed42": {
    "NDCG@10": 0.55824,
    "Recall@10": 0.73444,
    "Recall@100": 0.89,
    "MAP@10": 0.49851,
    "per_type": {
      "unknown": {
        "n": 300,
        "NDCG@10": 0.55824,
        "Recall@10": 0.73444,
        "Recall@100": 0.89,
        "MAP@10": 0.49851
      }
    }
  },
  "scifact_adaptive_product_64_seed42": {
    "NDCG@10": 0.57214,
    "Recall@10": 0.74844,
    "Recall@100": 0.89567,
    "MAP@10": 0.51156,
    "per_type": {
      "unknown": {
        "n": 300,
        "NDCG@10": 0.57214,
        "Recall@10": 0.74844,
        "Recall@100": 0.89567,
        "MAP@10": 0.51156
      }
    }
  },
  "scifact_product_64_seed123": {
    "NDCG@10": 0.5255,
    "Recall@10": 0.69806,
    "Recall@100": 0.89778,
    "MAP@10": 0.46607,
    "per_type": {
      "unknown": {
        "n": 300,
        "NDCG@10": 0.5255,
        "Recall@10": 0.69806,
        "Recall@100": 0.89778,
        "MAP@10": 0.46607
      }
    }
  },
  "scifact_adaptive_product_64_seed123": {
    "NDCG@10": 0.56046,
    "Recall@10": 0.76072,
    "Recall@100": 0.884,
    "MAP@10": 0.49113,
    "per_type": {
      "unknown": {
        "n": 300,
        "NDCG@10": 0.56046,
        "Recall@10": 0.76072,
        "Recall@100": 0.884,
        "MAP@10": 0.49113
      }
    }
  },
  "scifact_product_64_seed456": {
    "NDCG@10": 0.54057,
    "Recall@10": 0.72806,
    "Recall@100": 0.91089,
    "MAP@10": 0.47648,
    "per_type": {
      "unknown": {
        "n": 300,
        "NDCG@10": 0.54057,
        "Recall@10": 0.72806,
        "Recall@100": 0.91089,
        "MAP@10": 0.47648
      }
    }
  },
  "scifact_adaptive_product_64_seed456": {
    "NDCG@10": 0.54575,
    "Recall@10": 0.7145,
    "Recall@100": 0.89533,
    "MAP@10": 0.48753,
    "per_type": {
      "unknown": {
        "n": 300,
        "NDCG@10": 0.54575,
        "Recall@10": 0.7145,
        "Recall@100": 0.89533,
        "MAP@10": 0.48753
      }
    }
  },
  "scifact_product_64": {
    "NDCG@10": 0.5414366666666667,
    "NDCG@10_std": 0.013380090516219316,
    "Recall@10": 0.7201866666666668,
    "Recall@10_std": 0.015861234364183494,
    "Recall@100": 0.8995566666666667,
    "Recall@100_std": 0.008620341576114523,
    "MAP@10": 0.48035333333333335,
    "MAP@10_std": 0.013523816851104663,
    "per_type": {
      "unknown": {
        "n": 300,
        "NDCG@10": 0.5414366666666667,
        "NDCG@10_std": 0.013380090516219316,
        "Recall@10": 0.7201866666666668,
        "Recall@10_std": 0.015861234364183494,
        "Recall@100": 0.8995566666666667,
        "Recall@100_std": 0.008620341576114523,
        "MAP@10": 0.48035333333333335,
        "MAP@10_std": 0.013523816851104663
      }
    }
  },
  "scifact_adaptive_product_64": {
    "NDCG@10": 0.55945,
    "NDCG@10_std": 0.010797317568112317,
    "Recall@10": 0.7412200000000001,
    "Recall@10_std": 0.019547692105889778,
    "Recall@100": 0.8916666666666666,
    "Recall@100_std": 0.0054229286880389015,
    "MAP@10": 0.49674,
    "MAP@10_std": 0.010581880740208707,
    "per_type": {
      "unknown": {
        "n": 300,
        "NDCG@10": 0.55945,
        "NDCG@10_std": 0.010797317568112317,
        "Recall@10": 0.7412200000000001,
        "Recall@10_std": 0.019547692105889778,
        "Recall@100": 0.8916666666666666,
        "Recall@100_std": 0.0054229286880389015,
        "MAP@10": 0.49674,
        "MAP@10_std": 0.010581880740208707
      }
    }
  },
  "fiqa_product_64_seed42": {
    "NDCG@10": 0.27199,
    "Recall@10": 0.333,
    "Recall@100": 0.60882,
    "MAP@10": 0.2069,
    "per_type": {
      "unknown": {
        "n": 648,
        "NDCG@10": 0.27199,
        "Recall@10": 0.333,
        "Recall@100": 0.60882,
        "MAP@10": 0.2069
      }
    }
  },
  "fiqa_adaptive_product_64_seed42": {
    "NDCG@10": 0.25913,
    "Recall@10": 0.31901,
    "Recall@100": 0.61714,
    "MAP@10": 0.19518,
    "per_type": {
      "unknown": {
        "n": 648,
        "NDCG@10": 0.25913,
        "Recall@10": 0.31901,
        "Recall@100": 0.61714,
        "MAP@10": 0.19518
      }
    }
  },
  "fiqa_product_64_seed123": {
    "NDCG@10": 0.27809,
    "Recall@10": 0.34403,
    "Recall@100": 0.6066,
    "MAP@10": 0.21057,
    "per_type": {
      "unknown": {
        "n": 648,
        "NDCG@10": 0.27809,
        "Recall@10": 0.34403,
        "Recall@100": 0.6066,
        "MAP@10": 0.21057
      }
    }
  },
  "fiqa_adaptive_product_64_seed123": {
    "NDCG@10": 0.26846,
    "Recall@10": 0.3269,
    "Recall@100": 0.60095,
    "MAP@10": 0.20345,
    "per_type": {
      "unknown": {
        "n": 648,
        "NDCG@10": 0.26846,
        "Recall@10": 0.3269,
        "Recall@100": 0.60095,
        "MAP@10": 0.20345
      }
    }
  },
  "fiqa_product_64_seed456": {
    "NDCG@10": 0.26817,
    "Recall@10": 0.32631,
    "Recall@100": 0.59369,
    "MAP@10": 0.20318,
    "per_type": {
      "unknown": {
        "n": 648,
        "NDCG@10": 0.26817,
        "Recall@10": 0.32631,
        "Recall@100": 0.59369,
        "MAP@10": 0.20318
      }
    }
  },
  "fiqa_adaptive_product_64_seed456": {
    "NDCG@10": 0.26268,
    "Recall@10": 0.33,
    "Recall@100": 0.60373,
    "MAP@10": 0.19648,
    "per_type": {
      "unknown": {
        "n": 648,
        "NDCG@10": 0.26268,
        "Recall@10": 0.33,
        "Recall@100": 0.60373,
        "MAP@10": 0.19648
      }
    }
  },
  "fiqa_product_64": {
    "NDCG@10": 0.27275,
    "NDCG@10_std": 0.004085323324617847,
    "Recall@10": 0.3344466666666667,
    "Recall@10_std": 0.007306126804873355,
    "Recall@100": 0.6030366666666667,
    "Recall@100_std": 0.006670943628070076,
    "MAP@10": 0.20688333333333334,
    "MAP@10_std": 0.0030169778844989195,
    "per_type": {
      "unknown": {
        "n": 648,
        "NDCG@10": 0.27275,
        "NDCG@10_std": 0.004085323324617847,
        "Recall@10": 0.3344466666666667,
        "Recall@10_std": 0.007306126804873355,
        "Recall@100": 0.6030366666666667,
        "Recall@100_std": 0.006670943628070076,
        "MAP@10": 0.20688333333333334,
        "MAP@10_std": 0.0030169778844989195
      }
    }
  },
  "fiqa_adaptive_product_64": {
    "NDCG@10": 0.26342333333333334,
    "NDCG@10_std": 0.0038450516540382202,
    "Recall@10": 0.32530333333333333,
    "Recall@10_std": 0.004626520170591381,
    "Recall@100": 0.6072733333333334,
    "Recall@100_std": 0.007068495046487792,
    "MAP@10": 0.19837000000000002,
    "MAP@10_std": 0.003631097171195873,
    "per_type": {
      "unknown": {
        "n": 648,
        "NDCG@10": 0.26342333333333334,
        "NDCG@10_std": 0.0038450516540382202,
        "Recall@10": 0.32530333333333333,
        "Recall@10_std": 0.004626520170591381,
        "Recall@100": 0.6072733333333334,
        "Recall@100_std": 0.007068495046487792,
        "MAP@10": 0.19837000000000002,
        "MAP@10_std": 0.003631097171195873
      }
    }
  },
  "wiki_product_64_seed42": {
    "NDCG@10": 0.53417,
    "Recall@10": 0.84249,
    "Recall@100": 0.98549,
    "MAP@10": 0.43578,
    "per_type": {
      "generalize": {
        "n": 600,
        "NDCG@10": 0.5677,
        "Recall@10": 0.89,
        "Recall@100": 0.995,
        "MAP@10": 0.46388
      },
      "hierarchy_disambiguation": {
        "n": 165,
        "NDCG@10": 0.5171,
        "Recall@10": 0.73939,
        "Recall@100": 0.93939,
        "MAP@10": 0.44717
      },
      "hierarchy_navigation": {
        "n": 200,
        "NDCG@10": 0.44766,
        "Recall@10": 0.785,
        "Recall@100": 0.995,
        "MAP@10": 0.34211
      }
    }
  },
  "wiki_adaptive_product_64_seed42": {
    "NDCG@10": 0.54071,
    "Recall@10": 0.84456,
    "Recall@100": 0.98238,
    "MAP@10": 0.444,
    "per_type": {
      "generalize": {
        "n": 600,
        "NDCG@10": 0.56496,
        "Recall@10": 0.88,
        "Recall@100": 0.99167,
        "MAP@10": 0.46416
      },
      "hierarchy_disambiguation": {
        "n": 165,
        "NDCG@10": 0.5121,
        "Recall@10": 0.73939,
        "Recall@100": 0.93939,