{
  "scifact": {
    "NDCG@10": 0.5597,
    "Recall@10": 0.68617,
    "Recall@100": 0.79294,
    "MAP@10": 0.51473
  },
  "fiqa": {
    "NDCG@10": 0.15906,
    "Recall@10": 0.20372,
    "Recall@100": 0.35899,
    "MAP@10": 0.11632
  },
  "wiki": {
    "NDCG@10": 0.38642,
    "Recall@10": 0.54302,
    "Recall@100": 0.70937,
    "MAP@10": 0.33608
  }
}