{
  "wiki_euclidean_64_seed42": {
    "NDCG@10": 0.58113,
    "Recall@10": 0.82694,
    "Recall@100": 0.96684,
    "MAP@10": 0.5013,
    "per_type": {
      "generalize": {
        "n": 600,
        "NDCG@10": 0.61763,
        "Recall@10": 0.87,
        "Recall@100": 0.98667,
        "MAP@10": 0.53522
      },
      "hierarchy_disambiguation": {
        "n": 165,
        "NDCG@10": 0.45144,
        "Recall@10": 0.64242,
        "Recall@100": 0.86061,
        "MAP@10": 0.39035
      },
      "hierarchy_navigation": {
        "n": 200,
        "NDCG@10": 0.57862,
        "Recall@10": 0.85,
        "Recall@100": 0.995,
        "MAP@10": 0.49109
      }
    }
  },
  "wiki_poincare_64_seed42": {
    "NDCG@10": 0.4909,
    "Recall@10": 0.73886,
    "Recall@100": 0.93472,
    "MAP@10": 0.4109,
    "per_type": {
      "generalize": {
        "n": 600,
        "NDCG@10": 0.54893,
        "Recall@10": 0.81,
        "Recall@100": 0.96667,
        "MAP@10": 0.46379
      },
      "hierarchy_disambiguation": {
        "n": 165,
        "NDCG@10": 0.28113,
        "Recall@10": 0.46667,
        "Recall@100": 0.78182,
        "MAP@10": 0.22353
      },
      "hierarchy_navigation": {
        "n": 200,
        "NDCG@10": 0.48988,
        "Recall@10": 0.75,
        "Recall@100": 0.965,
        "MAP@10": 0.4068
      }
    }
  },
  "wiki_product_64_seed42": {
    "NDCG@10": 0.54033,
    "Recall@10": 0.84352,
    "Recall@100": 0.98446,
    "MAP@10": 0.444,
    "per_type": {
      "generalize": {
        "n": 600,
        "NDCG@10": 0.56574,
        "Recall@10": 0.88167,
        "Recall@100": 0.99667,
        "MAP@10": 0.46502
      },
      "hierarchy_disambiguation": {
        "n": 165,
        "NDCG@10": 0.53616,
        "Recall@10": 0.73333,
        "Recall@100": 0.93333,
        "MAP@10": 0.47275
      },
      "hierarchy_navigation": {
        "n": 200,
        "NDCG@10": 0.46753,
        "Recall@10": 0.82,
        "Recall@100": 0.99,
        "MAP@10": 0.35721
      }
    }
  },
  "wiki_euclidean_64_seed123": {
    "NDCG@10": 0.57426,
    "Recall@10": 0.82902,
    "Recall@100": 0.96788,
    "MAP@10": 0.49194,
    "per_type": {
      "generalize": {
        "n": 600,
        "NDCG@10": 0.60508,
        "Recall@10": 0.865,
        "Recall@100": 0.98833,
        "MAP@10": 0.5202
      },
      "hierarchy_disambiguation": {
        "n": 165,
        "NDCG@10": 0.4526,
        "Recall@10": 0.66061,
        "Recall@100": 0.85455,
        "MAP@10": 0.38794
      },
      "hierarchy_navigation": {
        "n": 200,
        "NDCG@10": 0.58216,
        "Recall@10": 0.86,
        "Recall@100": 1.0,
        "MAP@10": 0.49297
      }
    }
  },
  "wiki_poincare_64_seed123": {
    "NDCG@10": 0.49336,
    "Recall@10": 0.73782,
    "Recall@100": 0.93782,
    "MAP@10": 0.41503,
    "per_type": {
      "generalize": {
        "n": 600,
        "NDCG@10": 0.55254,
        "Recall@10": 0.80667,
        "Recall@100": 0.965,
        "MAP@10": 0.47001
      },
      "hierarchy_disambiguation": {
        "n": 165,
        "NDCG@10": 0.28719,
        "Recall@10": 0.47273,
        "Recall@100": 0.81212,
        "MAP@10": 0.23111
      },
      "hierarchy_navigation": {
        "n": 200,
        "NDCG@10": 0.4859,
        "Recall@10": 0.75,
        "Recall@100": 0.96,
        "MAP@10": 0.40179
      }
    }
  },
  "wiki_product_64_seed123": {
    "NDCG@10": 0.54312,
    "Recall@10": 0.83523,
    "Recall@100": 0.98549,
    "MAP@10": 0.44984,
    "per_type": {
      "generalize": {
        "n": 600,
        "NDCG@10": 0.56468,
        "Recall@10": 0.86333,
        "Recall@100": 0.99667,
        "MAP@10": 0.46864
      },
      "hierarchy_disambiguation": {
        "n": 165,
        "NDCG@10": 0.54952,
        "Recall@10": 0.75152,
        "Recall@100": 0.93333,
        "MAP@10": 0.48604
      },
      "hierarchy_navigation": {
        "n": 200,
        "NDCG@10": 0.47316,
        "Recall@10": 0.82,
        "Recall@100": 0.995,
        "MAP@10": 0.36356
      }
    }
  },
  "wiki_euclidean_64": {
    "NDCG@10": 0.5776950000000001,
    "NDCG@10_std": 0.0034350000000000214,
    "Recall@10": 0.8279799999999999,
    "Recall@10_std": 0.0010399999999999854,
    "Recall@100": 0.96736,
    "Recall@100_std": 0.0005199999999999649,
    "MAP@10": 0.49661999999999995,
    "MAP@10_std": 0.00467999999999999,
    "per_type": {
      "generalize": {
        "n": 600,
        "NDCG@10": 0.611355,
        "NDCG@10_std": 0.0062750000000000306,
        "Recall@10": 0.8674999999999999,
        "Recall@10_std": 0.0025000000000000022,
        "Recall@100": 0.9875,
        "Recall@100_std": 0.0008299999999999974,
        "MAP@10": 0.52771,
        "MAP@10_std": 0.007510000000000017
      },
      "hierarchy_disambiguation": {
        "n": 165,
        "NDCG@10": 0.45202,
        "NDCG@10_std": 0.0005799999999999972,
        "Recall@10": 0.6515150000000001,
        "Recall@10_std": 0.00909500000000002,
        "Recall@100": 0.85758,
        "Recall@100_std": 0.003029999999999977,
        "MAP@10": 0.38914499999999996,
        "MAP@10_std": 0.0012049999999999839
      },
      "hierarchy_navigation": {
        "n": 200,
        "NDCG@10": 0.58039,
        "NDCG@10_std": 0.0017699999999999938,
        "Recall@10": 0.855,
        "Recall@10_std": 0.0050000000000000044,
        "Recall@100": 0.9975,
        "Recall@100_std": 0.0025000000000000022,
        "MAP@10": 0.49203,
        "MAP@10_std": 0.0009399999999999964
      }
    }
  },
  "wiki_poincare_64": {
    "NDCG@10": 0.49213,
    "NDCG@10_std": 0.0012300000000000089,
    "Recall@10": 0.73834,
    "Recall@10_std": 0.0005199999999999649,
    "Recall@100": 0.9362699999999999,
    "Recall@100_std": 0.0015499999999999958,
    "MAP@10": 0.412965,
    "MAP@10_std": 0.0020650000000000113,
    "per_type": {
      "generalize": {
        "n": 600,
        "NDCG@10": 0.550735,
        "NDCG@10_std": 0.001805000000000001,
        "Recall@10": 0.808335,
        "Recall@10_std": 0.0016650000000000276,
        "Recall@100": 0.965835,
        "Recall@100_std": 0.0008350000000000302,
        "MAP@10": 0.4669,
        "MAP@10_std": 0.0031100000000000017
      },
      "hierarchy_disambiguation": {
        "n": 165,
        "NDCG@10": 0.28415999999999997,
        "NDCG@10_std": 0.003030000000000005,
        "Recall@10": 0.4697,
        "Recall@10_std": 0.003030000000000005,
        "Recall@100": 0.79697,
        "Recall@100_std": 0.015149999999999997,
        "MAP@10": 0.22732000000000002,
        "MAP@10_std": 0.0037900000000000017
      },
      "hierarchy_navigation": {
        "n": 200,
        "NDCG@10": 0.48789,
        "NDCG@10_std": 0.0019899999999999918,
        "Recall@10": 0.75,
        "Recall@10_std": 0.0,
        "Recall@100": 0.9624999999999999,
        "Recall@100_std": 0.0025000000000000022,
        "MAP@10": 0.40429499999999996,
        "MAP@10_std": 0.0025050000000000072
      }
    }
  },
  "wiki_product_64": {
    "NDCG@10": 0.541725,
    "NDCG@10_std": 0.001395000000000035,
    "Recall@10": 0.839375,
    "Recall@10_std": 0.00414500000000001,
    "Recall@100": 0.9849749999999999,
    "Recall@100_std": 0.0005149999999999877,
    "MAP@10": 0.44692,
    "MAP@10_std": 0.002920000000000006,
    "per_type": {
      "generalize": {
        "n": 600,
        "NDCG@10": 0.56521,
        "NDCG@10_std": 0.0005300000000000304,
        "Recall@10": 0.8725,
        "Recall@10_std": 0.009169999999999956,
        "Recall@100": 0.99667,
        "Recall@100_std": 0.0,
        "MAP@10": 0.46682999999999997,
        "MAP@10_std": 0.001810000000000006
      },
      "hierarchy_disambiguation": {
        "n": 165,
        "NDCG@10": 0.54284,
        "NDCG@10_std": 0.006680000000000019,
        "Recall@10": 0.742425,
        "Recall@10_std": 0.009094999999999964,
        "Recall@100": 0.93333,
        "Recall@100_std": 0.0,
        "MAP@10": 0.479395,
        "MAP@10_std": 0.006645000000000012
      },
      "hierarchy_navigation": {
        "n": 200,
        "NDCG@10": 0.470345,