{
  "scifact_euclidean_64": {
    "NDCG@10": 0.66345,
    "Recall@10": 0.82472,
    "Recall@100": 0.928,
    "MAP@10": 0.60855
  },
  "scifact_poincare_64": {
    "NDCG@10": 0.20121,
    "Recall@10": 0.30717,
    "Recall@100": 0.57472,
    "MAP@10": 0.16367
  },
  "scifact_product_64": {
    "NDCG@10": 0.55626,
    "Recall@10": 0.73161,
    "Recall@100": 0.86167,
    "MAP@10": 0.49661
  },
  "fiqa_euclidean_64": {
    "NDCG@10": 0.24346,
    "Recall@10": 0.31114,
    "Recall@100": 0.57189,
    "MAP@10": 0.17921
  },
  "fiqa_poincare_64": {
    "NDCG@10": 0.18444,
    "Recall@10": 0.24696,
    "Recall@100": 0.49588,
    "MAP@10": 0.13122
  },
  "fiqa_product_64": {
    "NDCG@10": 0.27134,
    "Recall@10": 0.34505,
    "Recall@100": 0.59583,
    "MAP@10": 0.20223
  }
}