{
  "scifact": {
    "NDCG@10": 0.64508,
    "Recall@10": 0.78333,
    "Recall@100": 0.925,
    "MAP@10": 0.59593
  },
  "fiqa": {
    "NDCG@10": 0.36867,
    "Recall@10": 0.44131,
    "Recall@100": 0.70606,
    "MAP@10": 0.29141
  },
  "wiki": {
    "NDCG@10": 0.63394,
    "Recall@10": 0.89962,
    "Recall@100": 0.98375,
    "MAP@10": 0.54846
  }
}